reference,nom,categorie,sous_categorie,prix,stock,etat,couleur,taille,pointure,marque,matiere,genre,description_courte,description,dossier_images,statut,mots_cles
CH001,Sandales à talon femme beige,Chaussures,Sandales,15500,,,Beige,,,,,femme,"Sandales à talon pour femme de couleur beige, présenté sous plusieurs angles.","Sandales à talon pour femme, coloris beige. Article photographié sous plusieurs angles pour faciliter la présentation dans la boutique en ligne. Les informations de taille, pointure, matière, marque, prix et stock restent à confirmer avant publication.",CH001,draft,"chaussures, sandales, femme, beige, mode, boutique en ligne"
CH002,Sandales à talon femme beige,Chaussures,Sandales,15500,,,Beige,,,,,femme,"Sandales à talon pour femme de couleur beige, présenté sous plusieurs angles.","Sandales à talon pour femme, coloris beige. Article photographié sous plusieurs angles pour faciliter la présentation dans la boutique en ligne. Les informations de taille, pointure, matière, marque, prix et stock restent à confirmer avant publication.",CH002,draft,"chaussures, sandales, femme, beige, mode, boutique en ligne"
CH003,Sandales à talon femme crème,Chaussures,Sandales,15500,,,Crème,,,,,femme,"Sandales à talon pour femme de couleur crème, présenté sous plusieurs angles.","Sandales à talon pour femme, coloris crème. Article photographié sous plusieurs angles pour faciliter la présentation dans la boutique en ligne. Les informations de taille, pointure, matière, marque, prix et stock restent à confirmer avant publication.",CH003,draft,"chaussures, sandales, femme, crème, mode, boutique en ligne"
CH004,Sandales à talon femme blanc cassé,Chaussures,Sandales,15500,,,Blanc cassé,,,,,femme,"Sandales à talon pour femme de couleur blanc cassé, présenté sous plusieurs angles.","Sandales à talon pour femme, coloris blanc cassé. Article photographié sous plusieurs angles pour faciliter la présentation dans la boutique en ligne. Les informations de taille, pointure, matière, marque, prix et stock restent à confirmer avant publication.",CH004,draft,"chaussures, sandales, femme, blanc cassé, mode, boutique en ligne"
CH005,Sandales à talon femme crème transparent,Chaussures,Sandales,15500,,,Crème transparent,,,,,femme,"Sandales à talon pour femme de couleur crème transparent, présenté sous plusieurs angles.","Sandales à talon pour femme, coloris crème transparent. Article photographié sous plusieurs angles pour faciliter la présentation dans la boutique en ligne. Les informations de taille, pointure, matière, marque, prix et stock restent à confirmer avant publication.",CH005,draft,"chaussures, sandales, femme, crème transparent, mode, boutique en ligne"
CH006,Sandales à talon femme doré,Chaussures,Sandales,17000,,,Doré,,,,,femme,"Sandales à talon pour femme de couleur doré, présenté sous plusieurs angles.","Sandales à talon pour femme, coloris doré. Article photographié sous plusieurs angles pour faciliter la présentation dans la boutique en ligne. Les informations de taille, pointure, matière, marque, prix et stock restent à confirmer avant publication.",CH006,draft,"chaussures, sandales, femme, doré, mode, boutique en ligne"
CH007,Sandales à talon femme blanc cassé,Chaussures,Sandales,15500,,,Blanc cassé,,,,,femme,"Sandales à talon pour femme de couleur blanc cassé, présenté sous plusieurs angles.","Sandales à talon pour femme, coloris blanc cassé. Article photographié sous plusieurs angles pour faciliter la présentation dans la boutique en ligne. Les informations de taille, pointure, matière, marque, prix et stock restent à confirmer avant publication.",CH007,draft,"chaussures, sandales, femme, blanc cassé, mode, boutique en ligne"
CH008,Sandales à talon femme bordeaux,Chaussures,Sandales,16000,,,Bordeaux,,,,,femme,"Sandales à talon pour femme de couleur bordeaux, présenté sous plusieurs angles.","Sandales à talon pour femme, coloris bordeaux. Article photographié sous plusieurs angles pour faciliter la présentation dans la boutique en ligne. Les informations de taille, pointure, matière, marque, prix et stock restent à confirmer avant publication.",CH008,draft,"chaussures, sandales, femme, bordeaux, mode, boutique en ligne"
CH009,Sandales à talon femme marron,Chaussures,Sandales,15500,,,Marron,,,,,femme,"Sandales à talon pour femme de couleur marron, présenté sous plusieurs angles.","Sandales à talon pour femme, coloris marron. Article photographié sous plusieurs angles pour faciliter la présentation dans la boutique en ligne. Les informations de taille, pointure, matière, marque, prix et stock restent à confirmer avant publication.",CH009,draft,"chaussures, sandales, femme, marron, mode, boutique en ligne"
CH010,Sandales à talon femme camel,Chaussures,Sandales,15500,,,Camel,,,,,femme,"Sandales à talon pour femme de couleur camel, présenté sous plusieurs angles.","Sandales à talon pour femme, coloris camel. Article photographié sous plusieurs angles pour faciliter la présentation dans la boutique en ligne. Les informations de taille, pointure, matière, marque, prix et stock restent à confirmer avant publication.",CH010,draft,"chaussures, sandales, femme, camel, mode, boutique en ligne"
CH011,Mocassins femme noir,Chaussures,Mocassins,15500,,,Noir,,,,,femme,"Mocassins pour femme de couleur noir, présenté sous plusieurs angles.","Mocassins pour femme, coloris noir. Article photographié sous plusieurs angles pour faciliter la présentation dans la boutique en ligne. Les informations de taille, pointure, matière, marque, prix et stock restent à confirmer avant publication.",CH011,draft,"chaussures, mocassins, femme, noir, mode, boutique en ligne"
CH012,Mocassins femme beige,Chaussures,Mocassins,15500,,,Beige,,,,,femme,"Mocassins pour femme de couleur beige, présenté sous plusieurs angles.","Mocassins pour femme, coloris beige. Article photographié sous plusieurs angles pour faciliter la présentation dans la boutique en ligne. Les informations de taille, pointure, matière, marque, prix et stock restent à confirmer avant publication.",CH012,draft,"chaussures, mocassins, femme, beige, mode, boutique en ligne"
CH013,Sandales à talon femme blanc cassé,Chaussures,Sandales,15500,,,Blanc cassé,,,,,femme,"Sandales à talon pour femme de couleur blanc cassé, présenté sous plusieurs angles.","Sandales à talon pour femme, coloris blanc cassé. Article photographié sous plusieurs angles pour faciliter la présentation dans la boutique en ligne. Les informations de taille, pointure, matière, marque, prix et stock restent à confirmer avant publication.",CH013,draft,"chaussures, sandales, femme, blanc cassé, mode, boutique en ligne"
CH014,Chaussures plates femme noir,Chaussures,Chaussures plates,12500,,,Noir,,,,,femme,"Chaussures plates pour femme de couleur noir, présenté sous plusieurs angles.","Chaussures plates pour femme, coloris noir. Article photographié sous plusieurs angles pour faciliter la présentation dans la boutique en ligne. Les informations de taille, pointure, matière, marque, prix et stock restent à confirmer avant publication.",CH014,draft,"chaussures, chaussures plates, femme, noir, mode, boutique en ligne"
CH015,Sandales à talon femme vert clair,Chaussures,Sandales,15500,,,Vert clair,,,,,femme,"Sandales à talon pour femme de couleur vert clair, présenté sous plusieurs angles.","Sandales à talon pour femme, coloris vert clair. Article photographié sous plusieurs angles pour faciliter la présentation dans la boutique en ligne. Les informations de taille, pointure, matière, marque, prix et stock restent à confirmer avant publication.",CH015,draft,"chaussures, sandales, femme, vert clair, mode, boutique en ligne"
CH016,Sandales à talon femme bordeaux,Chaussures,Sandales,16000,,,Bordeaux,,,,,femme,"Sandales à talon pour femme de couleur bordeaux, présenté sous plusieurs angles.","Sandales à talon pour femme, coloris bordeaux. Article photographié sous plusieurs angles pour faciliter la présentation dans la boutique en ligne. Les informations de taille, pointure, matière, marque, prix et stock restent à confirmer avant publication.",CH016,draft,"chaussures, sandales, femme, bordeaux, mode, boutique en ligne"
CH017,Escarpins femme gris,Chaussures,Escarpins,16500,,,Gris,,,,,femme,"Escarpins pour femme de couleur gris, présenté sous plusieurs angles.","Escarpins pour femme, coloris gris. Article photographié sous plusieurs angles pour faciliter la présentation dans la boutique en ligne. Les informations de taille, pointure, matière, marque, prix et stock restent à confirmer avant publication.",CH017,draft,"chaussures, escarpins, femme, gris, mode, boutique en ligne"
CH018,Chaussures plates femme olive,Chaussures,Chaussures plates,12500,,,Olive,,,,,femme,"Chaussures plates pour femme de couleur olive, présenté sous plusieurs angles.","Chaussures plates pour femme, coloris olive. Article photographié sous plusieurs angles pour faciliter la présentation dans la boutique en ligne. Les informations de taille, pointure, matière, marque, prix et stock restent à confirmer avant publication.",CH018,draft,"chaussures, chaussures plates, femme, olive, mode, boutique en ligne"
CH019,Sandales à talon femme noir,Chaussures,Sandales,15500,,,Noir,,,,,femme,"Sandales à talon pour femme de couleur noir, présenté sous plusieurs angles.","Sandales à talon pour femme, coloris noir. Article photographié sous plusieurs angles pour faciliter la présentation dans la boutique en ligne. Les informations de taille, pointure, matière, marque, prix et stock restent à confirmer avant publication.",CH019,draft,"chaussures, sandales, femme, noir, mode, boutique en ligne"
CH020,Sandales à talon femme rouge verni,Chaussures,Sandales,17000,,,Rouge verni,,,,,femme,"Sandales à talon pour femme de couleur rouge verni, présenté sous plusieurs angles.","Sandales à talon pour femme, coloris rouge verni. Article photographié sous plusieurs angles pour faciliter la présentation dans la boutique en ligne. Les informations de taille, pointure, matière, marque, prix et stock restent à confirmer avant publication.",CH020,draft,"chaussures, sandales, femme, rouge verni, mode, boutique en ligne"
CH021,Escarpins femme olive,Chaussures,Escarpins,16500,,,Olive,,,,,femme,"Escarpins pour femme de couleur olive, présenté sous plusieurs angles.","Escarpins pour femme, coloris olive. Article photographié sous plusieurs angles pour faciliter la présentation dans la boutique en ligne. Les informations de taille, pointure, matière, marque, prix et stock restent à confirmer avant publication.",CH021,draft,"chaussures, escarpins, femme, olive, mode, boutique en ligne"
CH022,Sandales à talon femme olive,Chaussures,Sandales,15500,,,Olive,,,,,femme,"Sandales à talon pour femme de couleur olive, présenté sous plusieurs angles.","Sandales à talon pour femme, coloris olive. Article photographié sous plusieurs angles pour faciliter la présentation dans la boutique en ligne. Les informations de taille, pointure, matière, marque, prix et stock restent à confirmer avant publication.",CH022,draft,"chaussures, sandales, femme, olive, mode, boutique en ligne"
CH023,Sandales à talon femme camel,Chaussures,Sandales,15500,,,Camel,,,,,femme,"Sandales à talon pour femme de couleur camel, présenté sous plusieurs angles.","Sandales à talon pour femme, coloris camel. Article photographié sous plusieurs angles pour faciliter la présentation dans la boutique en ligne. Les informations de taille, pointure, matière, marque, prix et stock restent à confirmer avant publication.",CH023,draft,"chaussures, sandales, femme, camel, mode, boutique en ligne"
CH024,Escarpins femme noir verni,Chaussures,Escarpins,18000,,,Noir verni,,,,,femme,"Escarpins pour femme de couleur noir verni, présenté sous plusieurs angles.","Escarpins pour femme, coloris noir verni. Article photographié sous plusieurs angles pour faciliter la présentation dans la boutique en ligne. Les informations de taille, pointure, matière, marque, prix et stock restent à confirmer avant publication.",CH024,draft,"chaussures, escarpins, femme, noir verni, mode, boutique en ligne"
CH025,Baskets femme écru,Chaussures,Baskets,18500,,,Écru,,,,,femme,"Baskets pour femme de couleur écru, présenté sous plusieurs angles.","Baskets pour femme, coloris écru. Article photographié sous plusieurs angles pour faciliter la présentation dans la boutique en ligne. Les informations de taille, pointure, matière, marque, prix et stock restent à confirmer avant publication.",CH025,draft,"chaussures, baskets, femme, écru, mode, boutique en ligne"
CH026,Sandales à talon femme kaki clair,Chaussures,Sandales,15500,,,Kaki clair,,,,,femme,"Sandales à talon pour femme de couleur kaki clair, présenté sous plusieurs angles.","Sandales à talon pour femme, coloris kaki clair. Article photographié sous plusieurs angles pour faciliter la présentation dans la boutique en ligne. Les informations de taille, pointure, matière, marque, prix et stock restent à confirmer avant publication.",CH026,draft,"chaussures, sandales, femme, kaki clair, mode, boutique en ligne"
CH027,Mocassins femme écru verni,Chaussures,Mocassins,17000,,,Écru verni,,,,,femme,"Mocassins pour femme de couleur écru verni, présenté sous plusieurs angles.","Mocassins pour femme, coloris écru verni. Article photographié sous plusieurs angles pour faciliter la présentation dans la boutique en ligne. Les informations de taille, pointure, matière, marque, prix et stock restent à confirmer avant publication.",CH027,draft,"chaussures, mocassins, femme, écru verni, mode, boutique en ligne"
CH028,Sac à main femme,Sacs,Sac à main,25000,,,,,,,,femme,"Sac à main pour femme, présenté sous plusieurs angles.","Sac à main pour femme. Article photographié sous plusieurs angles pour faciliter la présentation dans la boutique en ligne. Les informations de taille, pointure, matière, marque, prix et stock restent à confirmer avant publication.",CH028,draft,"sacs, sac à main, femme, mode, boutique en ligne"
CH029,Sandales à talon femme rouge,Chaussures,Sandales,15500,,,Rouge,,,,,femme,"Sandales à talon pour femme de couleur rouge, présenté sous plusieurs angles.","Sandales à talon pour femme, coloris rouge. Article photographié sous plusieurs angles pour faciliter la présentation dans la boutique en ligne. Les informations de taille, pointure, matière, marque, prix et stock restent à confirmer avant publication.",CH029,draft,"chaussures, sandales, femme, rouge, mode, boutique en ligne"
CH030,Escarpins femme noir satiné,Chaussures,Escarpins,18000,,,Noir satiné,,,,,femme,"Escarpins pour femme de couleur noir satiné, présenté sous plusieurs angles.","Escarpins pour femme, coloris noir satiné. Article photographié sous plusieurs angles pour faciliter la présentation dans la boutique en ligne. Les informations de taille, pointure, matière, marque, prix et stock restent à confirmer avant publication.",CH030,draft,"chaussures, escarpins, femme, noir satiné, mode, boutique en ligne"
CH031,Mules à talon femme noir,Chaussures,Mules,14500,,,Noir,,,,,femme,"Mules à talon pour femme de couleur noir, présenté sous plusieurs angles.","Mules à talon pour femme, coloris noir. Article photographié sous plusieurs angles pour faciliter la présentation dans la boutique en ligne. Les informations de taille, pointure, matière, marque, prix et stock restent à confirmer avant publication.",CH031,draft,"chaussures, mules, femme, noir, mode, boutique en ligne"
CH032,Chaussures plates femme prune satiné,Chaussures,Chaussures plates,14000,,,Prune satiné,,,,,femme,"Chaussures plates pour femme de couleur prune satiné, présenté sous plusieurs angles.","Chaussures plates pour femme, coloris prune satiné. Article photographié sous plusieurs angles pour faciliter la présentation dans la boutique en ligne. Les informations de taille, pointure, matière, marque, prix et stock restent à confirmer avant publication.",CH032,draft,"chaussures, chaussures plates, femme, prune satiné, mode, boutique en ligne"
CH033,Sandales à talon femme noir verni,Chaussures,Sandales,17000,,,Noir verni,,,,,femme,"Sandales à talon pour femme de couleur noir verni, présenté sous plusieurs angles.","Sandales à talon pour femme, coloris noir verni. Article photographié sous plusieurs angles pour faciliter la présentation dans la boutique en ligne. Les informations de taille, pointure, matière, marque, prix et stock restent à confirmer avant publication.",CH033,draft,"chaussures, sandales, femme, noir verni, mode, boutique en ligne"
CH034,Sandales à talon femme bordeaux,Chaussures,Sandales,16000,,,Bordeaux,,,,,femme,"Sandales à talon pour femme de couleur bordeaux, présenté sous plusieurs angles.","Sandales à talon pour femme, coloris bordeaux. Article photographié sous plusieurs angles pour faciliter la présentation dans la boutique en ligne. Les informations de taille, pointure, matière, marque, prix et stock restent à confirmer avant publication.",CH034,draft,"chaussures, sandales, femme, bordeaux, mode, boutique en ligne"
CH035,Sandales à talon femme bordeaux,Chaussures,Sandales,16000,,,Bordeaux,,,,,femme,"Sandales à talon pour femme de couleur bordeaux, présenté sous plusieurs angles.","Sandales à talon pour femme, coloris bordeaux. Article photographié sous plusieurs angles pour faciliter la présentation dans la boutique en ligne. Les informations de taille, pointure, matière, marque, prix et stock restent à confirmer avant publication.",CH035,draft,"chaussures, sandales, femme, bordeaux, mode, boutique en ligne"
CH036,Sandales à talon femme,Chaussures,Sandales,15500,,,,,,,,femme,"Sandales à talon pour femme, présenté sous plusieurs angles.","Sandales à talon pour femme. Article photographié sous plusieurs angles pour faciliter la présentation dans la boutique en ligne. Les informations de taille, pointure, matière, marque, prix et stock restent à confirmer avant publication.",CH036,draft,"chaussures, sandales, femme, mode, boutique en ligne"
CH037,Escarpins femme chocolat,Chaussures,Escarpins,16500,,,Chocolat,,,,,femme,"Escarpins pour femme de couleur chocolat, présenté sous plusieurs angles.","Escarpins pour femme, coloris chocolat. Article photographié sous plusieurs angles pour faciliter la présentation dans la boutique en ligne. Les informations de taille, pointure, matière, marque, prix et stock restent à confirmer avant publication.",CH037,draft,"chaussures, escarpins, femme, chocolat, mode, boutique en ligne"
CH038,Mules à talon femme vert satiné,Chaussures,Mules,16000,,,Vert satiné,,,,,femme,"Mules à talon pour femme de couleur vert satiné, présenté sous plusieurs angles.","Mules à talon pour femme, coloris vert satiné. Article photographié sous plusieurs angles pour faciliter la présentation dans la boutique en ligne. Les informations de taille, pointure, matière, marque, prix et stock restent à confirmer avant publication.",CH038,draft,"chaussures, mules, femme, vert satiné, mode, boutique en ligne"
CH039,Mules à talon femme bordeaux satiné,Chaussures,Mules,16000,,,Bordeaux satiné,,,,,femme,"Mules à talon pour femme de couleur bordeaux satiné, présenté sous plusieurs angles.","Mules à talon pour femme, coloris bordeaux satiné. Article photographié sous plusieurs angles pour faciliter la présentation dans la boutique en ligne. Les informations de taille, pointure, matière, marque, prix et stock restent à confirmer avant publication.",CH039,draft,"chaussures, mules, femme, bordeaux satiné, mode, boutique en ligne"
CH040,Escarpins femme bordeaux,Chaussures,Escarpins,17000,,,Bordeaux,,,,,femme,"Escarpins pour femme de couleur bordeaux, présenté sous plusieurs angles.","Escarpins pour femme, coloris bordeaux. Article photographié sous plusieurs angles pour faciliter la présentation dans la boutique en ligne. Les informations de taille, pointure, matière, marque, prix et stock restent à confirmer avant publication.",CH040,draft,"chaussures, escarpins, femme, bordeaux, mode, boutique en ligne"
CH041,Sandales à talon femme bordeaux,Chaussures,Sandales,16000,,,Bordeaux,,,,,femme,"Sandales à talon pour femme de couleur bordeaux, présenté sous plusieurs angles.","Sandales à talon pour femme, coloris bordeaux. Article photographié sous plusieurs angles pour faciliter la présentation dans la boutique en ligne. Les informations de taille, pointure, matière, marque, prix et stock restent à confirmer avant publication.",CH041,draft,"chaussures, sandales, femme, bordeaux, mode, boutique en ligne"
CH042,Sandales à talon femme rouge vif,Chaussures,Sandales,15500,,,Rouge vif,,,,,femme,"Sandales à talon pour femme de couleur rouge vif, présenté sous plusieurs angles.","Sandales à talon pour femme, coloris rouge vif. Article photographié sous plusieurs angles pour faciliter la présentation dans la boutique en ligne. Les informations de taille, pointure, matière, marque, prix et stock restent à confirmer avant publication.",CH042,draft,"chaussures, sandales, femme, rouge vif, mode, boutique en ligne"
CH043,Chaussures plates femme crème,Chaussures,Chaussures plates,12500,,,Crème,,,,,femme,"Chaussures plates pour femme de couleur crème, présenté sous plusieurs angles.","Chaussures plates pour femme, coloris crème. Article photographié sous plusieurs angles pour faciliter la présentation dans la boutique en ligne. Les informations de taille, pointure, matière, marque, prix et stock restent à confirmer avant publication.",CH043,draft,"chaussures, chaussures plates, femme, crème, mode, boutique en ligne"
CH044,Sandales à talon femme crème,Chaussures,Sandales,15500,,,Crème,,,,,femme,"Sandales à talon pour femme de couleur crème, présenté sous plusieurs angles.","Sandales à talon pour femme, coloris crème. Article photographié sous plusieurs angles pour faciliter la présentation dans la boutique en ligne. Les informations de taille, pointure, matière, marque, prix et stock restent à confirmer avant publication.",CH044,draft,"chaussures, sandales, femme, crème, mode, boutique en ligne"
CH045,Escarpins femme olive,Chaussures,Escarpins,16500,,,Olive,,,,,femme,"Escarpins pour femme de couleur olive, présenté sous plusieurs angles.","Escarpins pour femme, coloris olive. Article photographié sous plusieurs angles pour faciliter la présentation dans la boutique en ligne. Les informations de taille, pointure, matière, marque, prix et stock restent à confirmer avant publication.",CH045,draft,"chaussures, escarpins, femme, olive, mode, boutique en ligne"
CH046,Escarpins femme bordeaux,Chaussures,Escarpins,17000,,,Bordeaux,,,,,femme,"Escarpins pour femme de couleur bordeaux, présenté sous plusieurs angles.","Escarpins pour femme, coloris bordeaux. Article photographié sous plusieurs angles pour faciliter la présentation dans la boutique en ligne. Les informations de taille, pointure, matière, marque, prix et stock restent à confirmer avant publication.",CH046,draft,"chaussures, escarpins, femme, bordeaux, mode, boutique en ligne"
CH047,Escarpins femme olive,Chaussures,Escarpins,16500,,,Olive,,,,,femme,"Escarpins pour femme de couleur olive, présenté sous plusieurs angles.","Escarpins pour femme, coloris olive. Article photographié sous plusieurs angles pour faciliter la présentation dans la boutique en ligne. Les informations de taille, pointure, matière, marque, prix et stock restent à confirmer avant publication.",CH047,draft,"chaussures, escarpins, femme, olive, mode, boutique en ligne"
CH048,Sandales à talon femme camel,Chaussures,Sandales,15500,,,Camel,,,,,femme,"Sandales à talon pour femme de couleur camel, présenté sous plusieurs angles.","Sandales à talon pour femme, coloris camel. Article photographié sous plusieurs angles pour faciliter la présentation dans la boutique en ligne. Les informations de taille, pointure, matière, marque, prix et stock restent à confirmer avant publication.",CH048,draft,"chaussures, sandales, femme, camel, mode, boutique en ligne"
CH049,Escarpins femme olive,Chaussures,Escarpins,16500,,,Olive,,,,,femme,"Escarpins pour femme de couleur olive, présenté sous plusieurs angles.","Escarpins pour femme, coloris olive. Article photographié sous plusieurs angles pour faciliter la présentation dans la boutique en ligne. Les informations de taille, pointure, matière, marque, prix et stock restent à confirmer avant publication.",CH049,draft,"chaussures, escarpins, femme, olive, mode, boutique en ligne"
CH050,Mules à talon femme chocolat,Chaussures,Mules,14500,,,Chocolat,,,,,femme,"Mules à talon pour femme de couleur chocolat, présenté sous plusieurs angles.","Mules à talon pour femme, coloris chocolat. Article photographié sous plusieurs angles pour faciliter la présentation dans la boutique en ligne. Les informations de taille, pointure, matière, marque, prix et stock restent à confirmer avant publication.",CH050,draft,"chaussures, mules, femme, chocolat, mode, boutique en ligne"
CH051,Sandales à talon femme cramoisi,Chaussures,Sandales,15500,,,Cramoisi,,,,,femme,"Sandales à talon pour femme de couleur cramoisi, présenté sous plusieurs angles.","Sandales à talon pour femme, coloris cramoisi. Article photographié sous plusieurs angles pour faciliter la présentation dans la boutique en ligne. Les informations de taille, pointure, matière, marque, prix et stock restent à confirmer avant publication.",CH051,draft,"chaussures, sandales, femme, cramoisi, mode, boutique en ligne"
CH052,Mules à talon femme camel,Chaussures,Mules,14500,,,Camel,,,,,femme,"Mules à talon pour femme de couleur camel, présenté sous plusieurs angles.","Mules à talon pour femme, coloris camel. Article photographié sous plusieurs angles pour faciliter la présentation dans la boutique en ligne. Les informations de taille, pointure, matière, marque, prix et stock restent à confirmer avant publication.",CH052,draft,"chaussures, mules, femme, camel, mode, boutique en ligne"
CH053,Sandales à talon femme chocolat,Chaussures,Sandales,15500,,,Chocolat,,,,,femme,"Sandales à talon pour femme de couleur chocolat, présenté sous plusieurs angles.","Sandales à talon pour femme, coloris chocolat. Article photographié sous plusieurs angles pour faciliter la présentation dans la boutique en ligne. Les informations de taille, pointure, matière, marque, prix et stock restent à confirmer avant publication.",CH053,draft,"chaussures, sandales, femme, chocolat, mode, boutique en ligne"
CH054,Sandales à talon femme crème,Chaussures,Sandales,15500,,,Crème,,,,,femme,"Sandales à talon pour femme de couleur crème, présenté sous plusieurs angles.","Sandales à talon pour femme, coloris crème. Article photographié sous plusieurs angles pour faciliter la présentation dans la boutique en ligne. Les informations de taille, pointure, matière, marque, prix et stock restent à confirmer avant publication.",CH054,draft,"chaussures, sandales, femme, crème, mode, boutique en ligne"
CH055,Mules à talon femme prune,Chaussures,Mules,15000,,,Prune,,,,,femme,"Mules à talon pour femme de couleur prune, présenté sous plusieurs angles.","Mules à talon pour femme, coloris prune. Article photographié sous plusieurs angles pour faciliter la présentation dans la boutique en ligne. Les informations de taille, pointure, matière, marque, prix et stock restent à confirmer avant publication.",CH055,draft,"chaussures, mules, femme, prune, mode, boutique en ligne"
CH056,Sandales à talon femme argenté,Chaussures,Sandales,17000,,,Argenté,,,,,femme,"Sandales à talon pour femme de couleur argenté, présenté sous plusieurs angles.","Sandales à talon pour femme, coloris argenté. Article photographié sous plusieurs angles pour faciliter la présentation dans la boutique en ligne. Les informations de taille, pointure, matière, marque, prix et stock restent à confirmer avant publication.",CH056,draft,"chaussures, sandales, femme, argenté, mode, boutique en ligne"
CH057,Sandales à talon femme crème,Chaussures,Sandales,15500,,,Crème,,,,,femme,"Sandales à talon pour femme de couleur crème, présenté sous plusieurs angles.","Sandales à talon pour femme, coloris crème. Article photographié sous plusieurs angles pour faciliter la présentation dans la boutique en ligne. Les informations de taille, pointure, matière, marque, prix et stock restent à confirmer avant publication.",CH057,draft,"chaussures, sandales, femme, crème, mode, boutique en ligne"
CH058,Sandales à talon femme noir,Chaussures,Sandales,15500,,,Noir,,,,,femme,"Sandales à talon pour femme de couleur noir, présenté sous plusieurs angles.","Sandales à talon pour femme, coloris noir. Article photographié sous plusieurs angles pour faciliter la présentation dans la boutique en ligne. Les informations de taille, pointure, matière, marque, prix et stock restent à confirmer avant publication.",CH058,draft,"chaussures, sandales, femme, noir, mode, boutique en ligne"
CH059,Sandales à talon femme,Chaussures,Sandales,15500,,,,,,,,femme,"Sandales à talon pour femme, présenté sous plusieurs angles.","Sandales à talon pour femme. Article photographié sous plusieurs angles pour faciliter la présentation dans la boutique en ligne. Les informations de taille, pointure, matière, marque, prix et stock restent à confirmer avant publication.",CH059,draft,"chaussures, sandales, femme, mode, boutique en ligne"
CH060,Sandales à talon femme prune,Chaussures,Sandales,16000,,,Prune,,,,,femme,"Sandales à talon pour femme de couleur prune, présenté sous plusieurs angles.","Sandales à talon pour femme, coloris prune. Article photographié sous plusieurs angles pour faciliter la présentation dans la boutique en ligne. Les informations de taille, pointure, matière, marque, prix et stock restent à confirmer avant publication.",CH060,draft,"chaussures, sandales, femme, prune, mode, boutique en ligne"
CH061,Sandales à talon femme prune,Chaussures,Sandales,16000,,,Prune,,,,,femme,"Sandales à talon pour femme de couleur prune, présenté sous plusieurs angles.","Sandales à talon pour femme, coloris prune. Article photographié sous plusieurs angles pour faciliter la présentation dans la boutique en ligne. Les informations de taille, pointure, matière, marque, prix et stock restent à confirmer avant publication.",CH061,draft,"chaussures, sandales, femme, prune, mode, boutique en ligne"
CH062,Sandales à talon femme argenté,Chaussures,Sandales,17000,,,Argenté,,,,,femme,"Sandales à talon pour femme de couleur argenté, présenté sous plusieurs angles.","Sandales à talon pour femme, coloris argenté. Article photographié sous plusieurs angles pour faciliter la présentation dans la boutique en ligne. Les informations de taille, pointure, matière, marque, prix et stock restent à confirmer avant publication.",CH062,draft,"chaussures, sandales, femme, argenté, mode, boutique en ligne"
CH063,Chaussures plates femme crème,Chaussures,Chaussures plates,12500,,,Crème,,,,,femme,"Chaussures plates pour femme de couleur crème, présenté sous plusieurs angles.","Chaussures plates pour femme, coloris crème. Article photographié sous plusieurs angles pour faciliter la présentation dans la boutique en ligne. Les informations de taille, pointure, matière, marque, prix et stock restent à confirmer avant publication.",CH063,draft,"chaussures, chaussures plates, femme, crème, mode, boutique en ligne"
CH064,Sandales à talon femme rouille,Chaussures,Sandales,15500,,,Rouille,,,,,femme,"Sandales à talon pour femme de couleur rouille, présenté sous plusieurs angles.","Sandales à talon pour femme, coloris rouille. Article photographié sous plusieurs angles pour faciliter la présentation dans la boutique en ligne. Les informations de taille, pointure, matière, marque, prix et stock restent à confirmer avant publication.",CH064,draft,"chaussures, sandales, femme, rouille, mode, boutique en ligne"
CH065,Escarpins femme crème,Chaussures,Escarpins,16500,,,Crème,,,,,femme,"Escarpins pour femme de couleur crème, présenté sous plusieurs angles.","Escarpins pour femme, coloris crème. Article photographié sous plusieurs angles pour faciliter la présentation dans la boutique en ligne. Les informations de taille, pointure, matière, marque, prix et stock restent à confirmer avant publication.",CH065,draft,"chaussures, escarpins, femme, crème, mode, boutique en ligne"
CH066,Mocassins femme camel,Chaussures,Mocassins,15500,,,Camel,,,,,femme,"Mocassins pour femme de couleur camel, présenté sous plusieurs angles.","Mocassins pour femme, coloris camel. Article photographié sous plusieurs angles pour faciliter la présentation dans la boutique en ligne. Les informations de taille, pointure, matière, marque, prix et stock restent à confirmer avant publication.",CH066,draft,"chaussures, mocassins, femme, camel, mode, boutique en ligne"
CH067,Chaussures plates femme gris,Chaussures,Chaussures plates,12500,,,Gris,,,,,femme,"Chaussures plates pour femme de couleur gris, présenté sous plusieurs angles.","Chaussures plates pour femme, coloris gris. Article photographié sous plusieurs angles pour faciliter la présentation dans la boutique en ligne. Les informations de taille, pointure, matière, marque, prix et stock restent à confirmer avant publication.",CH067,draft,"chaussures, chaussures plates, femme, gris, mode, boutique en ligne"
CH068,Chaussures plates femme noir,Chaussures,Chaussures plates,12500,,,Noir,,,,,femme,"Chaussures plates pour femme de couleur noir, présenté sous plusieurs angles.","Chaussures plates pour femme, coloris noir. Article photographié sous plusieurs angles pour faciliter la présentation dans la boutique en ligne. Les informations de taille, pointure, matière, marque, prix et stock restent à confirmer avant publication.",CH068,draft,"chaussures, chaussures plates, femme, noir, mode, boutique en ligne"
CH069,Chaussures plates femme crème,Chaussures,Chaussures plates,12500,,,Crème,,,,,femme,"Chaussures plates pour femme de couleur crème, présenté sous plusieurs angles.","Chaussures plates pour femme, coloris crème. Article photographié sous plusieurs angles pour faciliter la présentation dans la boutique en ligne. Les informations de taille, pointure, matière, marque, prix et stock restent à confirmer avant publication.",CH069,draft,"chaussures, chaussures plates, femme, crème, mode, boutique en ligne"
CH070,Chaussures plates femme naturel,Chaussures,Chaussures plates,12500,,,Naturel,,,,,femme,"Chaussures plates pour femme de couleur naturel, présenté sous plusieurs angles.","Chaussures plates pour femme, coloris naturel. Article photographié sous plusieurs angles pour faciliter la présentation dans la boutique en ligne. Les informations de taille, pointure, matière, marque, prix et stock restent à confirmer avant publication.",CH070,draft,"chaussures, chaussures plates, femme, naturel, mode, boutique en ligne"
CH071,Chaussures plates femme olive,Chaussures,Chaussures plates,12500,,,Olive,,,,,femme,"Chaussures plates pour femme de couleur olive, présenté sous plusieurs angles.","Chaussures plates pour femme, coloris olive. Article photographié sous plusieurs angles pour faciliter la présentation dans la boutique en ligne. Les informations de taille, pointure, matière, marque, prix et stock restent à confirmer avant publication.",CH071,draft,"chaussures, chaussures plates, femme, olive, mode, boutique en ligne"
CH072,Chaussures plates femme noir et blanc,Chaussures,Chaussures plates,12500,,,Noir et blanc,,,,,femme,"Chaussures plates pour femme de couleur noir et blanc, présenté sous plusieurs angles.","Chaussures plates pour femme, coloris noir et blanc. Article photographié sous plusieurs angles pour faciliter la présentation dans la boutique en ligne. Les informations de taille, pointure, matière, marque, prix et stock restent à confirmer avant publication.",CH072,draft,"chaussures, chaussures plates, femme, noir et blanc, mode, boutique en ligne"
CH073,Chaussures plates femme argenté,Chaussures,Chaussures plates,14000,,,Argenté,,,,,femme,"Chaussures plates pour femme de couleur argenté, présenté sous plusieurs angles.","Chaussures plates pour femme, coloris argenté. Article photographié sous plusieurs angles pour faciliter la présentation dans la boutique en ligne. Les informations de taille, pointure, matière, marque, prix et stock restent à confirmer avant publication.",CH073,draft,"chaussures, chaussures plates, femme, argenté, mode, boutique en ligne"
CH074,Chaussures plates femme rouge,Chaussures,Chaussures plates,12500,,,Rouge,,,,,femme,"Chaussures plates pour femme de couleur rouge, présenté sous plusieurs angles.","Chaussures plates pour femme, coloris rouge. Article photographié sous plusieurs angles pour faciliter la présentation dans la boutique en ligne. Les informations de taille, pointure, matière, marque, prix et stock restent à confirmer avant publication.",CH074,draft,"chaussures, chaussures plates, femme, rouge, mode, boutique en ligne"
CH075,Sandales à talon femme rouge,Chaussures,Sandales,15500,,,Rouge,,,,,femme,"Sandales à talon pour femme de couleur rouge, présenté sous plusieurs angles.","Sandales à talon pour femme, coloris rouge. Article photographié sous plusieurs angles pour faciliter la présentation dans la boutique en ligne. Les informations de taille, pointure, matière, marque, prix et stock restent à confirmer avant publication.",CH075,draft,"chaussures, sandales, femme, rouge, mode, boutique en ligne"
CH076,Mules à talon femme chocolat,Chaussures,Mules,14500,,,Chocolat,,,,,femme,"Mules à talon pour femme de couleur chocolat, présenté sous plusieurs angles.","Mules à talon pour femme, coloris chocolat. Article photographié sous plusieurs angles pour faciliter la présentation dans la boutique en ligne. Les informations de taille, pointure, matière, marque, prix et stock restent à confirmer avant publication.",CH076,draft,"chaussures, mules, femme, chocolat, mode, boutique en ligne"
CH077,Mules à talon femme prune,Chaussures,Mules,15000,,,Prune,,,,,femme,"Mules à talon pour femme de couleur prune, présenté sous plusieurs angles.","Mules à talon pour femme, coloris prune. Article photographié sous plusieurs angles pour faciliter la présentation dans la boutique en ligne. Les informations de taille, pointure, matière, marque, prix et stock restent à confirmer avant publication.",CH077,draft,"chaussures, mules, femme, prune, mode, boutique en ligne"
CH078,Sandales à talon femme camel,Chaussures,Sandales,15500,,,Camel,,,,,femme,"Sandales à talon pour femme de couleur camel, présenté sous plusieurs angles.","Sandales à talon pour femme, coloris camel. Article photographié sous plusieurs angles pour faciliter la présentation dans la boutique en ligne. Les informations de taille, pointure, matière, marque, prix et stock restent à confirmer avant publication.",CH078,draft,"chaussures, sandales, femme, camel, mode, boutique en ligne"
CH079,Mules à talon femme noir,Chaussures,Mules,14500,,,Noir,,,,,femme,"Mules à talon pour femme de couleur noir, présenté sous plusieurs angles.","Mules à talon pour femme, coloris noir. Article photographié sous plusieurs angles pour faciliter la présentation dans la boutique en ligne. Les informations de taille, pointure, matière, marque, prix et stock restent à confirmer avant publication.",CH079,draft,"chaussures, mules, femme, noir, mode, boutique en ligne"
CH080,Mules à talon femme noir,Chaussures,Mules,14500,,,Noir,,,,,femme,"Mules à talon pour femme de couleur noir, présenté sous plusieurs angles.","Mules à talon pour femme, coloris noir. Article photographié sous plusieurs angles pour faciliter la présentation dans la boutique en ligne. Les informations de taille, pointure, matière, marque, prix et stock restent à confirmer avant publication.",CH080,draft,"chaussures, mules, femme, noir, mode, boutique en ligne"
CH081,Mules à talon femme noir,Chaussures,Mules,14500,,,Noir,,,,,femme,"Mules à talon pour femme de couleur noir, présenté sous plusieurs angles.","Mules à talon pour femme, coloris noir. Article photographié sous plusieurs angles pour faciliter la présentation dans la boutique en ligne. Les informations de taille, pointure, matière, marque, prix et stock restent à confirmer avant publication.",CH081,draft,"chaussures, mules, femme, noir, mode, boutique en ligne"
CH082,Sandales à talon femme argenté,Chaussures,Sandales,17000,,,Argenté,,,,,femme,"Sandales à talon pour femme de couleur argenté, présenté sous plusieurs angles.","Sandales à talon pour femme, coloris argenté. Article photographié sous plusieurs angles pour faciliter la présentation dans la boutique en ligne. Les informations de taille, pointure, matière, marque, prix et stock restent à confirmer avant publication.",CH082,draft,"chaussures, sandales, femme, argenté, mode, boutique en ligne"
CH083,Escarpins femme prune,Chaussures,Escarpins,17000,,,Prune,,,,,femme,"Escarpins pour femme de couleur prune, présenté sous plusieurs angles.","Escarpins pour femme, coloris prune. Article photographié sous plusieurs angles pour faciliter la présentation dans la boutique en ligne. Les informations de taille, pointure, matière, marque, prix et stock restent à confirmer avant publication.",CH083,draft,"chaussures, escarpins, femme, prune, mode, boutique en ligne"
CH084,Sandales à talon femme prune,Chaussures,Sandales,16000,,,Prune,,,,,femme,"Sandales à talon pour femme de couleur prune, présenté sous plusieurs angles.","Sandales à talon pour femme, coloris prune. Article photographié sous plusieurs angles pour faciliter la présentation dans la boutique en ligne. Les informations de taille, pointure, matière, marque, prix et stock restent à confirmer avant publication.",CH084,draft,"chaussures, sandales, femme, prune, mode, boutique en ligne"
CH085,Sandales à talon femme fuchsia,Chaussures,Sandales,16000,,,Fuchsia,,,,,femme,"Sandales à talon pour femme de couleur fuchsia, présenté sous plusieurs angles.","Sandales à talon pour femme, coloris fuchsia. Article photographié sous plusieurs angles pour faciliter la présentation dans la boutique en ligne. Les informations de taille, pointure, matière, marque, prix et stock restent à confirmer avant publication.",CH085,draft,"chaussures, sandales, femme, fuchsia, mode, boutique en ligne"
CH086,Escarpins femme prune,Chaussures,Escarpins,17000,,,Prune,,,,,femme,"Escarpins pour femme de couleur prune, présenté sous plusieurs angles.","Escarpins pour femme, coloris prune. Article photographié sous plusieurs angles pour faciliter la présentation dans la boutique en ligne. Les informations de taille, pointure, matière, marque, prix et stock restent à confirmer avant publication.",CH086,draft,"chaussures, escarpins, femme, prune, mode, boutique en ligne"
CH087,Mules à talon femme bordeaux,Chaussures,Mules,15000,,,Bordeaux,,,,,femme,"Mules à talon pour femme de couleur bordeaux, présenté sous plusieurs angles.","Mules à talon pour femme, coloris bordeaux. Article photographié sous plusieurs angles pour faciliter la présentation dans la boutique en ligne. Les informations de taille, pointure, matière, marque, prix et stock restent à confirmer avant publication.",CH087,draft,"chaussures, mules, femme, bordeaux, mode, boutique en ligne"
CH088,Sandales à talon femme chocolat,Chaussures,Sandales,15500,,,Chocolat,,,,,femme,"Sandales à talon pour femme de couleur chocolat, présenté sous plusieurs angles.","Sandales à talon pour femme, coloris chocolat. Article photographié sous plusieurs angles pour faciliter la présentation dans la boutique en ligne. Les informations de taille, pointure, matière, marque, prix et stock restent à confirmer avant publication.",CH088,draft,"chaussures, sandales, femme, chocolat, mode, boutique en ligne"
CH089,Sandales à talon femme nude,Chaussures,Sandales,15500,,,Nude,,,,,femme,"Sandales à talon pour femme de couleur nude, présenté sous plusieurs angles.","Sandales à talon pour femme, coloris nude. Article photographié sous plusieurs angles pour faciliter la présentation dans la boutique en ligne. Les informations de taille, pointure, matière, marque, prix et stock restent à confirmer avant publication.",CH089,draft,"chaussures, sandales, femme, nude, mode, boutique en ligne"
CH090,Sandales à talon femme rouge,Chaussures,Sandales,15500,,,Rouge,,,,,femme,"Sandales à talon pour femme de couleur rouge, présenté sous plusieurs angles.","Sandales à talon pour femme, coloris rouge. Article photographié sous plusieurs angles pour faciliter la présentation dans la boutique en ligne. Les informations de taille, pointure, matière, marque, prix et stock restent à confirmer avant publication.",CH090,draft,"chaussures, sandales, femme, rouge, mode, boutique en ligne"
CH091,Sandales à talon femme imprimé serpent,Chaussures,Sandales,17500,,,Imprimé serpent,,,,,femme,"Sandales à talon pour femme de couleur imprimé serpent, présenté sous plusieurs angles.","Sandales à talon pour femme, coloris imprimé serpent. Article photographié sous plusieurs angles pour faciliter la présentation dans la boutique en ligne. Les informations de taille, pointure, matière, marque, prix et stock restent à confirmer avant publication.",CH091,draft,"chaussures, sandales, femme, imprimé serpent, mode, boutique en ligne"
CH092,Sandales à talon femme imprimé serpent,Chaussures,Sandales,17500,,,Imprimé serpent,,,,,femme,"Sandales à talon pour femme de couleur imprimé serpent, présenté sous plusieurs angles.","Sandales à talon pour femme, coloris imprimé serpent. Article photographié sous plusieurs angles pour faciliter la présentation dans la boutique en ligne. Les informations de taille, pointure, matière, marque, prix et stock restent à confirmer avant publication.",CH092,draft,"chaussures, sandales, femme, imprimé serpent, mode, boutique en ligne"
CH093,Mules à talon femme prune,Chaussures,Mules,15000,,,Prune,,,,,femme,"Mules à talon pour femme de couleur prune, présenté sous plusieurs angles.","Mules à talon pour femme, coloris prune. Article photographié sous plusieurs angles pour faciliter la présentation dans la boutique en ligne. Les informations de taille, pointure, matière, marque, prix et stock restent à confirmer avant publication.",CH093,draft,"chaussures, mules, femme, prune, mode, boutique en ligne"
CH094,Escarpins femme rouge,Chaussures,Escarpins,16500,,,Rouge,,,,,femme,"Escarpins pour femme de couleur rouge, présenté sous plusieurs angles.","Escarpins pour femme, coloris rouge. Article photographié sous plusieurs angles pour faciliter la présentation dans la boutique en ligne. Les informations de taille, pointure, matière, marque, prix et stock restent à confirmer avant publication.",CH094,draft,"chaussures, escarpins, femme, rouge, mode, boutique en ligne"
CH095,Mules à talon femme noir,Chaussures,Mules,14500,,,Noir,,,,,femme,"Mules à talon pour femme de couleur noir, présenté sous plusieurs angles.","Mules à talon pour femme, coloris noir. Article photographié sous plusieurs angles pour faciliter la présentation dans la boutique en ligne. Les informations de taille, pointure, matière, marque, prix et stock restent à confirmer avant publication.",CH095,draft,"chaussures, mules, femme, noir, mode, boutique en ligne"
CH096,Mules à talon femme chocolat,Chaussures,Mules,14500,,,Chocolat,,,,,femme,"Mules à talon pour femme de couleur chocolat, présenté sous plusieurs angles.","Mules à talon pour femme, coloris chocolat. Article photographié sous plusieurs angles pour faciliter la présentation dans la boutique en ligne. Les informations de taille, pointure, matière, marque, prix et stock restent à confirmer avant publication.",CH096,draft,"chaussures, mules, femme, chocolat, mode, boutique en ligne"
CH097,Mocassins femme crème,Chaussures,Mocassins,15500,,,Crème,,,,,femme,"Mocassins pour femme de couleur crème, présenté sous plusieurs angles.","Mocassins pour femme, coloris crème. Article photographié sous plusieurs angles pour faciliter la présentation dans la boutique en ligne. Les informations de taille, pointure, matière, marque, prix et stock restent à confirmer avant publication.",CH097,draft,"chaussures, mocassins, femme, crème, mode, boutique en ligne"
CH098,Mocassins femme chocolat,Chaussures,Mocassins,15500,,,Chocolat,,,,,femme,"Mocassins pour femme de couleur chocolat, présenté sous plusieurs angles.","Mocassins pour femme, coloris chocolat. Article photographié sous plusieurs angles pour faciliter la présentation dans la boutique en ligne. Les informations de taille, pointure, matière, marque, prix et stock restent à confirmer avant publication.",CH098,draft,"chaussures, mocassins, femme, chocolat, mode, boutique en ligne"
CH099,Mocassins femme crème,Chaussures,Mocassins,15500,,,Crème,,,,,femme,"Mocassins pour femme de couleur crème, présenté sous plusieurs angles.","Mocassins pour femme, coloris crème. Article photographié sous plusieurs angles pour faciliter la présentation dans la boutique en ligne. Les informations de taille, pointure, matière, marque, prix et stock restent à confirmer avant publication.",CH099,draft,"chaussures, mocassins, femme, crème, mode, boutique en ligne"
CH100,Mules à talon femme noir,Chaussures,Mules,14500,,,Noir,,,,,femme,"Mules à talon pour femme de couleur noir, présenté sous plusieurs angles.","Mules à talon pour femme, coloris noir. Article photographié sous plusieurs angles pour faciliter la présentation dans la boutique en ligne. Les informations de taille, pointure, matière, marque, prix et stock restent à confirmer avant publication.",CH100,draft,"chaussures, mules, femme, noir, mode, boutique en ligne"
CH101,Mules à talon femme rouge,Chaussures,Mules,14500,,,Rouge,,,,,femme,"Mules à talon pour femme de couleur rouge, présenté sous plusieurs angles.","Mules à talon pour femme, coloris rouge. Article photographié sous plusieurs angles pour faciliter la présentation dans la boutique en ligne. Les informations de taille, pointure, matière, marque, prix et stock restent à confirmer avant publication.",CH101,draft,"chaussures, mules, femme, rouge, mode, boutique en ligne"
CH102,Sandales à talon femme naturel,Chaussures,Sandales,15500,,,Naturel,,,,,femme,"Sandales à talon pour femme de couleur naturel, présenté sous plusieurs angles.","Sandales à talon pour femme, coloris naturel. Article photographié sous plusieurs angles pour faciliter la présentation dans la boutique en ligne. Les informations de taille, pointure, matière, marque, prix et stock restent à confirmer avant publication.",CH102,draft,"chaussures, sandales, femme, naturel, mode, boutique en ligne"
CH103,Mules à talon femme noir,Chaussures,Mules,14500,,,Noir,,,,,femme,"Mules à talon pour femme de couleur noir, présenté sous plusieurs angles.","Mules à talon pour femme, coloris noir. Article photographié sous plusieurs angles pour faciliter la présentation dans la boutique en ligne. Les informations de taille, pointure, matière, marque, prix et stock restent à confirmer avant publication.",CH103,draft,"chaussures, mules, femme, noir, mode, boutique en ligne"
CH104,Mules à talon femme,Chaussures,Mules,14500,,,,,,,,femme,"Mules à talon pour femme, présenté sous plusieurs angles.","Mules à talon pour femme. Article photographié sous plusieurs angles pour faciliter la présentation dans la boutique en ligne. Les informations de taille, pointure, matière, marque, prix et stock restent à confirmer avant publication.",CH104,draft,"chaussures, mules, femme, mode, boutique en ligne"
CH105,Sandales à talon femme naturel,Chaussures,Sandales,15500,,,Naturel,,,,,femme,"Sandales à talon pour femme de couleur naturel, présenté sous plusieurs angles.","Sandales à talon pour femme, coloris naturel. Article photographié sous plusieurs angles pour faciliter la présentation dans la boutique en ligne. Les informations de taille, pointure, matière, marque, prix et stock restent à confirmer avant publication.",CH105,draft,"chaussures, sandales, femme, naturel, mode, boutique en ligne"
CH106,Sandales à talon femme argenté,Chaussures,Sandales,17000,,,Argenté,,,,,femme,"Sandales à talon pour femme de couleur argenté, présenté sous plusieurs angles.","Sandales à talon pour femme, coloris argenté. Article photographié sous plusieurs angles pour faciliter la présentation dans la boutique en ligne. Les informations de taille, pointure, matière, marque, prix et stock restent à confirmer avant publication.",CH106,draft,"chaussures, sandales, femme, argenté, mode, boutique en ligne"
CH107,Sandales à talon femme argenté,Chaussures,Sandales,17000,,,Argenté,,,,,femme,"Sandales à talon pour femme de couleur argenté, présenté sous plusieurs angles.","Sandales à talon pour femme, coloris argenté. Article photographié sous plusieurs angles pour faciliter la présentation dans la boutique en ligne. Les informations de taille, pointure, matière, marque, prix et stock restent à confirmer avant publication.",CH107,draft,"chaussures, sandales, femme, argenté, mode, boutique en ligne"
CH108,Escarpins femme crème,Chaussures,Escarpins,16500,,,Crème,,,,,femme,"Escarpins pour femme de couleur crème, présenté sous plusieurs angles.","Escarpins pour femme, coloris crème. Article photographié sous plusieurs angles pour faciliter la présentation dans la boutique en ligne. Les informations de taille, pointure, matière, marque, prix et stock restent à confirmer avant publication.",CH108,draft,"chaussures, escarpins, femme, crème, mode, boutique en ligne"
CH109,Escarpins femme chocolat,Chaussures,Escarpins,16500,,,Chocolat,,,,,femme,"Escarpins pour femme de couleur chocolat, présenté sous plusieurs angles.","Escarpins pour femme, coloris chocolat. Article photographié sous plusieurs angles pour faciliter la présentation dans la boutique en ligne. Les informations de taille, pointure, matière, marque, prix et stock restent à confirmer avant publication.",CH109,draft,"chaussures, escarpins, femme, chocolat, mode, boutique en ligne"
CH110,Sandales à talon femme prune,Chaussures,Sandales,16000,,,Prune,,,,,femme,"Sandales à talon pour femme de couleur prune, présenté sous plusieurs angles.","Sandales à talon pour femme, coloris prune. Article photographié sous plusieurs angles pour faciliter la présentation dans la boutique en ligne. Les informations de taille, pointure, matière, marque, prix et stock restent à confirmer avant publication.",CH110,draft,"chaussures, sandales, femme, prune, mode, boutique en ligne"
CH111,Sandales à talon femme camel,Chaussures,Sandales,15500,,,Camel,,,,,femme,"Sandales à talon pour femme de couleur camel, présenté sous plusieurs angles.","Sandales à talon pour femme, coloris camel. Article photographié sous plusieurs angles pour faciliter la présentation dans la boutique en ligne. Les informations de taille, pointure, matière, marque, prix et stock restent à confirmer avant publication.",CH111,draft,"chaussures, sandales, femme, camel, mode, boutique en ligne"
CH112,Sandales à talon femme bordeaux,Chaussures,Sandales,16000,,,Bordeaux,,,,,femme,"Sandales à talon pour femme de couleur bordeaux, présenté sous plusieurs angles.","Sandales à talon pour femme, coloris bordeaux. Article photographié sous plusieurs angles pour faciliter la présentation dans la boutique en ligne. Les informations de taille, pointure, matière, marque, prix et stock restent à confirmer avant publication.",CH112,draft,"chaussures, sandales, femme, bordeaux, mode, boutique en ligne"
CH113,Mocassins femme noir,Chaussures,Mocassins,15500,,,Noir,,,,,femme,"Mocassins pour femme de couleur noir, présenté sous plusieurs angles.","Mocassins pour femme, coloris noir. Article photographié sous plusieurs angles pour faciliter la présentation dans la boutique en ligne. Les informations de taille, pointure, matière, marque, prix et stock restent à confirmer avant publication.",CH113,draft,"chaussures, mocassins, femme, noir, mode, boutique en ligne"
CH114,Sandales à talon femme naturel,Chaussures,Sandales,15500,,,Naturel,,,,,femme,"Sandales à talon pour femme de couleur naturel, présenté sous plusieurs angles.","Sandales à talon pour femme, coloris naturel. Article photographié sous plusieurs angles pour faciliter la présentation dans la boutique en ligne. Les informations de taille, pointure, matière, marque, prix et stock restent à confirmer avant publication.",CH114,draft,"chaussures, sandales, femme, naturel, mode, boutique en ligne"
CH115,Escarpins femme bordeaux,Chaussures,Escarpins,17000,,,Bordeaux,,,,,femme,"Escarpins pour femme de couleur bordeaux, présenté sous plusieurs angles.","Escarpins pour femme, coloris bordeaux. Article photographié sous plusieurs angles pour faciliter la présentation dans la boutique en ligne. Les informations de taille, pointure, matière, marque, prix et stock restent à confirmer avant publication.",CH115,draft,"chaussures, escarpins, femme, bordeaux, mode, boutique en ligne"
CH116,Mocassins femme camel,Chaussures,Mocassins,15500,,,Camel,,,,,femme,"Mocassins pour femme de couleur camel, présenté sous plusieurs angles.","Mocassins pour femme, coloris camel. Article photographié sous plusieurs angles pour faciliter la présentation dans la boutique en ligne. Les informations de taille, pointure, matière, marque, prix et stock restent à confirmer avant publication.",CH116,draft,"chaussures, mocassins, femme, camel, mode, boutique en ligne"
CH117,Escarpins femme chocolat,Chaussures,Escarpins,16500,,,Chocolat,,,,,femme,"Escarpins pour femme de couleur chocolat, présenté sous plusieurs angles.","Escarpins pour femme, coloris chocolat. Article photographié sous plusieurs angles pour faciliter la présentation dans la boutique en ligne. Les informations de taille, pointure, matière, marque, prix et stock restent à confirmer avant publication.",CH117,draft,"chaussures, escarpins, femme, chocolat, mode, boutique en ligne"
CH118,Sandales à talon femme doré,Chaussures,Sandales,17000,,,Doré,,,,,femme,"Sandales à talon pour femme de couleur doré, présenté sous plusieurs angles.","Sandales à talon pour femme, coloris doré. Article photographié sous plusieurs angles pour faciliter la présentation dans la boutique en ligne. Les informations de taille, pointure, matière, marque, prix et stock restent à confirmer avant publication.",CH118,draft,"chaussures, sandales, femme, doré, mode, boutique en ligne"
CH119,Sandales à talon femme rouge,Chaussures,Sandales,15500,,,Rouge,,,,,femme,"Sandales à talon pour femme de couleur rouge, présenté sous plusieurs angles.","Sandales à talon pour femme, coloris rouge. Article photographié sous plusieurs angles pour faciliter la présentation dans la boutique en ligne. Les informations de taille, pointure, matière, marque, prix et stock restent à confirmer avant publication.",CH119,draft,"chaussures, sandales, femme, rouge, mode, boutique en ligne"
CH120,Sandales à talon femme prune,Chaussures,Sandales,16000,,,Prune,,,,,femme,"Sandales à talon pour femme de couleur prune, présenté sous plusieurs angles.","Sandales à talon pour femme, coloris prune. Article photographié sous plusieurs angles pour faciliter la présentation dans la boutique en ligne. Les informations de taille, pointure, matière, marque, prix et stock restent à confirmer avant publication.",CH120,draft,"chaussures, sandales, femme, prune, mode, boutique en ligne"
CH121,Mocassins femme camel,Chaussures,Mocassins,15500,,,Camel,,,,,femme,"Mocassins pour femme de couleur camel, présenté sous plusieurs angles.","Mocassins pour femme, coloris camel. Article photographié sous plusieurs angles pour faciliter la présentation dans la boutique en ligne. Les informations de taille, pointure, matière, marque, prix et stock restent à confirmer avant publication.",CH121,draft,"chaussures, mocassins, femme, camel, mode, boutique en ligne"
