reference,dossier_images
CH001,CH001
CH002,CH002
CH003,CH003
CH004,CH004
CH005,CH005
CH006,CH006
CH007,CH007
CH008,CH008
CH009,CH009
CH010,CH010
CH011,CH011
CH012,CH012
CH013,CH013
CH014,CH014
CH015,CH015
CH016,CH016
CH017,CH017
CH018,CH018
CH019,CH019
CH020,CH020
CH021,CH021
CH022,CH022
CH023,CH023
CH024,CH024
CH025,CH025
CH026,CH026
CH027,CH027
CH028,CH028
CH029,CH029
CH030,CH030
CH031,CH031
CH032,CH032
CH033,CH033
CH034,CH034
CH035,CH035
CH036,CH036
CH037,CH037
CH038,CH038
CH039,CH039
CH040,CH040
CH041,CH041
CH042,CH042
CH043,CH043
CH044,CH044
CH045,CH045
CH046,CH046
CH047,CH047
CH048,CH048
CH049,CH049
CH050,CH050
CH051,CH051
CH052,CH052
CH053,CH053
CH054,CH054
CH055,CH055
CH056,CH056
CH057,CH057
CH058,CH058
CH059,CH059
CH060,CH060
CH061,CH061
CH062,CH062
CH063,CH063
CH064,CH064
CH065,CH065
CH066,CH066
CH067,CH067
CH068,CH068
CH069,CH069
CH070,CH070
CH071,CH071
CH072,CH072
CH073,CH073
CH074,CH074
CH075,CH075
CH076,CH076
CH077,CH077
CH078,CH078
CH079,CH079
CH080,CH080
CH081,CH081
CH082,CH082
CH083,CH083
CH084,CH084
CH085,CH085
CH086,CH086
CH087,CH087
CH088,CH088
CH089,CH089
CH090,CH090
CH091,CH091
CH092,CH092
CH093,CH093
CH094,CH094
CH095,CH095
CH096,CH096
CH097,CH097
CH098,CH098
CH099,CH099
CH100,CH100
CH101,CH101
CH102,CH102
CH103,CH103
CH104,CH104
CH105,CH105
CH106,CH106
CH107,CH107
CH108,CH108
CH109,CH109
CH110,CH110
CH111,CH111
CH112,CH112
CH113,CH113
CH114,CH114
CH115,CH115
CH116,CH116
CH117,CH117
CH118,CH118
CH119,CH119
CH120,CH120
CH121,CH121
